EmpID,Employee_Name,Hash_ID
10026,"Adinolfi, Wilson  K",a78a744343
10084,"Ait Sidi, Karthikeyan   ",11e01f18a2
10196,"Akinkuolie, Sarah",e889aed43a
10088,"Alagbe,Trina",2158e1eb1c
10069,"Anderson, Carol ",b980e5d270
10002,"Anderson, Linda  ",b5f63f1cac
10194,"Andreola, Colby",02d167ace9
10062,"Athwal, Sam",5d620fc277
10114,"Bachiochi, Linda",08908fb4b8
10250,"Bacong, Alejandro ",cda5d89c29
10252,"Baczenski, Rachael  ",08d0b88189
10242,"Barbara, Thomas",7fd8ca3d85
10012,"Barbossa, Hector",9b30f6da97
10265,"Barone, Francesco  A",920667df7b
10066,"Barton, Nader",95b3700a21
10061,"Bates, Norman",90b1cfb300
10023,"Beak, Kimberly  ",9f85330de8
10055,"Beatrice, Courtney ",c0c5d0a95a
10245,"Becker, Renee",cd96172829
10277,"Becker, Scott",4704af3e80
10046,"Bernstein, Sean",54aa6a4c5e
10226,"Biden, Lowan  M",35375f4f14
10003,"Billis, Helen",2cd0979112
10294,"Blount, Dianna",5246504026
10267,"Bondwell, Betsy",7ec359bc94
10199,"Booth, Frank",da7cdcd323
10081,"Boutwell, Bonalyn",36c34f538e
10175,"Bozzi, Charles",3285f61a58
10177,"Brill, Donna",93d048cc7c
10238,"Brown, Mia",4664e60044
10184,"Buccheri, Joseph  ",2b36f37aee
10203,"Bugali, Josephine ",92ae801538
10188,"Bunbury, Jessica",9e64d90c05
10107,"Burke, Joelle",f9cd985942
10181,"Burkett, Benjamin ",e5c1b42898
10150,"Cady, Max ",8dbe039532
10001,"Candie, Calvin",b0b80693dc
10085,"Carabbio, Judith",3f5dcb6242
10115,"Carey, Michael  ",3ce690fd76
10082,"Carr, Claudia  N",7c67d295b0
10040,"Carter, Michelle ",1bb5488a76
10067,"Chace, Beatrice ",eb982c1d2f
10108,"Champaigne, Brian",875cb74ab4
10210,"Chan, Lin",a192bcb1a2
10154,"Chang, Donovan  E",1c4f6bcdff
10200,"Chigurh, Anton",54dc9df8c8
10240,"Chivukula, Enola",d5e8fea28e
10168,"Cierpiszewski, Caroline  ",d5d6971a67
10220,"Clayton, Rick",f629b6e84d
10275,"Cloninger, Jennifer",59f713f096
10269,"Close, Phil",38cc9a6a47
10029,"Clukey, Elijian",04c19b27bf
10261,"Cockel, James",ffb7e1d997
10292,"Cole, Spencer",1db75dad1e
10282,"Corleone, Michael",c02db012f5
10019,"Corleone, Vito",3069bc96ff
10094,"Cornett, Lisa ",f1123d9256
10193,"Costello, Frank",f5f9c2a5cb
10132,"Crimmings,   Jean",a954d66531
10083,"Cross, Noah",73790f63a5
10099,"Daneault, Lynn",11d4dcfe53
10212,"Daniele, Ann  ",ccd2a6496d
10056,"Darson, Jene'ya ",4760b386b0
10143,"Davis, Daniel",118f6894d0
10311,"Dee, Randy",ecdb522fda
10070,"DeGweck,  James",a93f8ae774
10155,"Del Bosque, Keyla",56fe0b571d
10306,"Delarge, Alex",962d274d01
10100,"Demita, Carla",879a2f50a0
10310,"Desimone, Carl ",b84c149568
10197,"DeVito, Tommy",dd1cf58e1e
10276,"Dickinson, Geoff ",78fd5b25a3
10304,"Dietrich, Jenna  ",1cc905df71
10284,"DiNocco, Lily ",2b7b022884
10207,"Dobrin, Denisa  S",1cdf04711d
10133,"Dolan, Linda",7304ee7a2a
10028,"Dougall, Eric",62a59eab71
10006,"Driver, Elle",7611d35814
10105,"Dunn, Amy  ",9aa47652da
10211,"Dunne, Amy",9827490b9a
10064,"Eaton, Marianne",8fb202f5ae
10247,"Engdahl, Jean",64cfbe682f
10235,"England, Rex",1dd485b803
10299,"Erilus, Angela",85b218348a
10280,"Estremera, Miguel",2234c8d623
10296,"Evensen, April",4e14e3ac39
10290,"Exantus, Susan",090c67d97d
10263,"Faller, Megan ",64866e88d6
10136,"Fancett, Nicole",735f68ec19
10189,"Ferguson, Susan",61fc7ce6d4
10308,"Fernandes, Nilson  ",27f2b87088
10309,"Fett, Boba",366cc90cbe
10049,"Fidelia,  Libby",0e584c65d9
10093,"Fitzpatrick, Michael  J",d1bc61b8b2
10163,"Foreman, Tanya",0f558a28d0
10305,"Forrest, Alex",6d160aacb0
10015,"Foss, Jason",08cc343438
10080,"Foster-Baker, Amy",40a47ac1a2
10258,"Fraval, Maruk ",007213d77f
10273,"Galia, Lisa",8f06c83b43
10111,"Garcia, Raul",a5e2dccc5e
10257,"Gaul, Barbara",e6ccde2b5f
10159,"Gentry, Mildred",c1296d6348
10122,"Gerke, Melisa",3f8f8fadbc
10142,"Gill, Whitney  ",e795cdc6c1
10283,"Gilles, Alex",faae90c11b
10018,"Girifalco, Evelyn",4b0516a7a5
10255,"Givens, Myriam",b4430825ef
10246,"Goble, Taisha",6ce518d6fc
10228,"Goeth, Amon",a996c88a2d
10243,"Gold, Shenice  ",a6612074a1
10031,"Gonzalez, Cayo",5a165e6411
10300,"Gonzalez, Juan",9326314e91
10101,"Gonzalez, Maria",5f7412f3d0
10237,"Good, Susan",d57f0a546d
10051,"Gordon, David",df128bb913
10218,"Gosciminski, Phylicia  ",140b53646d
10256,"Goyal, Roxana",03a3abf055
10098,"Gray, Elijiah  ",e51e724961
10059,"Gross, Paula",f2acc9852c
10234,"Gruber, Hans",7c7cfc0236
10109,"Guilianno, Mike",9289424b51
10125,"Handschiegl, Joanne",a62ea4a308
10074,"Hankard, Earnest",1f8e2fc7e6
10097,"Harrington, Christie ",132a1ab6c5
10007,"Harrison, Kara",118b25bf1c
10129,"Heitzman, Anthony",ecbc69cf19
10075,"Hendrickson, Trina",905753de6b
10167,"Hitchcock, Alfred",129d1ad36b
10195,"Homberger, Adrienne  J",5983b3dde8
10112,"Horton, Jayne",6c6e1bd418
10272,"Houlihan, Debra",f8597d6f51
10182,"Howard, Estelle",6d67e866e7
10248,"Hudson, Jane",888926003c
10201,"Hunts, Julissa",a837167095
10214,"Hutter, Rosalie",72be0609df
10160,"Huynh, Ming",cf362b0e61
10289,"Immediato, Walter",cffd08d847
10139,"Ivey, Rose ",4667a65954
10227,"Jackson, Maryellen",a1e69834d4
10236,"Jacobi, Hannah  ",f518623506
10009,"Jeannite, Tayana",74c1280d1d
10060,"Jhaveri, Sneha  ",0b0a7ab838
10034,"Johnson, George",ae286d2536
10156,"Johnson, Noelle ",af285d72b6
10036,"Johnston, Yen",3109b63958
10138,"Jung, Judy  ",14ddd1122e
10244,"Kampew, Donysha",07e2b6c7fa
10192,"Keatts, Kramer ",93363b03d7
10231,"Khemmich, Bartholemew",73d5057dbf
10089,"King, Janet",cf06f44047
10166,"Kinsella, Kathleen  ",c710fcca22
10170,"Kirill, Alexandra  ",5165022d60
10208,"Knapp, Bradley  J",9957dff468
10176,"Kretschmer, John",dfec1c365c
10165,"Kreuger, Freddy",649bf78412
10113,"Lajiri,  Jyoti",263641d6cb
10092,"Landa, Hans",cce6cf158e
10106,"Langford, Lindsey",629592eff2
10052,"Langton, Enrico",fcb33b533f
10038,"LaRotonda, William  ",0051f07c82
10249,"Latif, Mohammed",b61072c8f6
10232,"Le, Binh",693a6223ed
10087,"Leach, Dallas",aae65c5a7d
10134,"LeBlanc, Brandon  R",f677548fe2
10251,"Lecter, Hannibal",b3206098b6
10103,"Leruth, Giovanni",0e9566210a
10017,"Liebig, Ketsia",d31154b99b
10186,"Linares, Marilyn ",22b71b06d2
10137,"Linden, Mathew",9a5de536dc
10008,"Lindsay, Leonara ",1dcd9294f4
10096,"Lundy, Susan",7556661af0
10035,"Lunquist, Lisa",b6bf6e25c4
10057,"Lydon, Allison",7937a65bb2
10004,"Lynch, Lindsay",7e86bbd350
10191,"MacLennan, Samuel",9030d63435
10219,"Mahoney, Lauren  ",b9313d74c9
10077,"Manchester, Robyn",7f3a916404
10073,"Mancuso, Karen",7cdf6b6585
10279,"Mangal, Debbie",5de4cabc26
10110,"Martin, Sandra",cae6d28fb6
10053,"Maurice, Shana",ce1bd26737
10076,"Carthy, B'rigit",42a00dc751
10145,"Mckenna, Sandy",ce96d2e212
10202,"McKinzie, Jac",1ce8b219a4
10128,"Meads, Elizabeth",238e635694
10068,"Medeiros, Jennifer",b9f8326233
10116,"Miller, Brannon",0122d28d5d
10298,"Miller, Ned",2c740dfa38
10213,"Monkfish, Erasumus",ac640cfbfc
10288,"Monroe, Peter",a405e94f22
10025,"Monterro, Luisa",a4a1bdf4ac
10223,"Moran, Patrick",84b022b4df
10151,"Morway, Tanya",a347ad533c
10254,"Motlagh,  Dawn",c66f25a6bd
10120,"Moumanil, Maliki ",cb88597a5e
10216,"Myers, Michael",beedc4f5af
10079,"Navathe, Kurt",ff6c4ffb0a
10215,"Ndzi, Colombui",a8ef97da6c
10185,"Ndzi, Horia",67485ee0f4
10063,"Newman, Richard ",868041e860
10037,"Ngodup, Shari ",9346f5815d
10042,"Nguyen, Dheepa",6cdf1ad6d7
10206,"Nguyen, Lei-Ming",13703a6352
10104,"Nowlan, Kristie",7bdb4b8855
10303,"O'hare, Lynn",7d56b226db
10078,"Oliver, Brooke ",887cb66ea1
10121,"Onque, Jasmine",289ee09518
10021,"Osturnka, Adeel",30bb9d4278
10281,"Owad, Clinton",7880bca347
10041,"Ozark, Travis",8f33313daf
10148,"Panjwani, Nina",62ede0bb1e
10005,"Patronick, Lucas",39a24f651f
10259,"Pearson, Randall",d8a847f05c
10286,"Smith, Martin",671c292826
10297,"Pelletier, Ermine",e58d01d4a7
10171,"Perry, Shakira",705fc84f1a
10032,"Peters, Lauren",94f364c941
10130,"Peterson, Ebonee  ",33f42cf25b
10217,"Petingill, Shana  ",dded0c92ff
10016,"Petrowsky, Thelma",9fc33162fe
10050,"Pham, Hong",e1de590f97
10164,"Pitt, Brad ",e206d46ea3
10124,"Potts, Xana",6caeaf865f
10187,"Power, Morissa",e1f5022a5a
10225,"Punjabhi, Louis  ",5aade93f13
10262,"Purinton, Janine",5dd495036d
10131,"Quinn, Sean",cc05c15df1
10239,"Rachael, Maggie",8368c0df4a
10152,"Rarrick, Quinn",28e2072f18
10140,"Ren, Kylo",4f7c145f22
10058,"Rhoads, Thomas",548f9e872f
10011,"Rivera, Haley  ",a7bbe42056
10230,"Roberson, May",3774f86882
10224,"Robertson, Peter",af2dfb9f7c
10047,"Robinson, Alain  ",6edef2e838
10285,"Robinson, Cherly",04e6a20455
10020,"Robinson, Elias",f3bd0ba092
10162,"Roby, Lori ",b3a0027f89
10149,"Roehrich, Bianca",e0b4e6c4f1
10086,"Roper, Katie",93a568e902
10054,"Rose, Ashley  ",45d944d06f
10065,"Rossetti, Bruno",bba040631c
10198,"Roup,Simon",217632e82f
10222,"Ruiz, Ricardo",8c747f11b9
10126,"Saada, Adell",a7e6146787
10295,"Saar-Beckles, Melinda",ad42da4ebc
10260,"Sadki, Nore  ",6d423a9cd0
10233,"Sahoo, Adil",ffa5487c8a
10229,"Salter, Jason",3a65697747
10169,"Sander, Kamrin",f0d882629f
10071,"Sewkumar, Nori",a6c4b1e6e8
10179,"Shepard, Anita ",27c5df19f6
10091,"Shields, Seffi",da2f9005dd
10178,"Simard, Kramer",1ee61e78ef
10039,"Singh, Nan ",eb2537fbfb
10095,"Sloan, Constance",c9d15d6210
10027,"Smith, Joe",eeb728dab5
10291,"Smith, John",e127fd4e0c
10153,"Smith, Leigh Ann",849bfc4f3d
10157,"Smith, Sade",d000a280c8
10119,"Soto, Julia ",262859fcd0
10180,"Soze, Keyser",0855ee8b4d
10302,"Sparks, Taylor  ",0ad6f49bfd
10090,"Spirea, Kelley",45b52595ed
10030,"Squatrito, Kristen",907e20aa61
10278,"Stanford,Barbara  M",fb96e9d47b
10307,"Stansfield, Norman",f597b2bc54
10147,"Steans, Tyrone  ",c260dd4e0e
10266,"Stoica, Rick",c5111f763a
10241,"Strong, Caitrin",582460f4ea
10158,"Sullivan, Kissy ",8223f9a6b4
10117,"Sullivan, Timothy",f9ff24abdf
10209,"Sutwell, Barbara",f56f708f15
10024,"Szabo, Andrew",be76d57747
10173,"Tannen, Biff",4a8569a71c
10221,"Tavares, Desiree  ",831eb8fca0
10146,"Tejeda, Lenora ",26868c7327
10161,"Terry, Sharlene ",f6fa149e8f
10141,"Theamstern, Sophia",615d86a481
10268,"Thibaud, Kenneth",f75522ac0d
10123,"Tippett, Jeanette",5d19057fb3
10013,"Torrence, Jack",3345c02175
10287,"Trang, Mei",053ee3f4fd
10044,"Tredinnick, Neville ",fd39af35bd
10102,"True, Edward",75d8e2b2fe
10270,"Trzeciak, Cybil",350f95baa5
10045,"Turpin, Jumil",e1247f0aa9
10205,"Valentin,Jackie",5734391e1c
10014,"Veera, Abdellah ",2b42cba299
10144,"Vega, Vincent",a25498d98d
10253,"Villanueva, Noah",e30d72c00b
10118,"Voldemort, Lord",b907d989f8
10022,"Volk, Colleen",193b5b531c
10183,"Von Massenbach, Anna",473a66c9d7
10190,"Walker, Roger",bb7722b46d
10274,"Wallace, Courtney  E",36474d8b8d
10293,"Wallace, Theresa",8a8e59cbd7
10172,"Wang, Charlie",c86ed0f54b
10127,"Warfield, Sarah",d066b58509
10072,"Whittier, Scott",0d76b0a206
10048,"Wilber, Barry",3d3f94192c
10204,"Wilkes, Annie",373bbdeff3
10264,"Williams, Jacquelyn  ",ed474e6926
10033,"Winthrop, Jordan  ",310448c5c1
10174,"Wolk, Hang  T",d2f7feecde
10135,"Woodson, Jason",2751f41935
10301,"Ybarra, Catherine ",a6c43c714c
10010,"Zamora, Jennifer",f215683735
10043,"Zhou, Julia",cdc83b44bc
10271,"Zima, Colleen",6db404e5a7
